[{"phoneCode":"7 840","code":"AB","name":"Abkhazia","pattern":"","emoji":""},{"phoneCode":"93","code":"AF","name":"Afghanistan","pattern":"93 XXX XXX XXX","emoji":"🇦🇫"},{"phoneCode":"358 18","code":"AX","name":"Aland Islands","pattern":"","emoji":"🇦🇽"},{"phoneCode":"355","code":"AL","name":"Albania","pattern":"355 XX XXX XXXX","emoji":"🇦🇱"},{"phoneCode":"213","code":"DZ","name":"Algeria","pattern":"213 XXX XX XX XX","emoji":"🇩🇿"},{"phoneCode":"1 684","code":"AS","name":"American Samoa","pattern":"1684 XXX XXXX","emoji":"🇦🇸"},{"phoneCode":"376","code":"AD","name":"Andorra","pattern":"376 XX XX XX","emoji":"🇦🇩"},{"phoneCode":"244","code":"AO","name":"Angola","pattern":"244 XXX XXX XXX","emoji":"🇦🇴"},{"phoneCode":"1 264","code":"AI","name":"Anguilla","pattern":"1264 XXX XXXX","emoji":"🇦🇮"},{"phoneCode":"1 268","code":"AG","name":"Antigua & Barbuda","pattern":"1268 XXX XXXX","emoji":"🇦🇬"},{"phoneCode":"54","code":"AR","name":"Argentina","pattern":"","emoji":"🇦🇷"},{"phoneCode":"374","code":"AM","name":"Armenia","pattern":"374 XX XXX XXX","emoji":"🇦🇲"},{"phoneCode":"297","code":"AW","name":"Aruba","pattern":"297 XXX XXXX","emoji":"🇦🇼"},{"phoneCode":"247","code":"SH","name":"Ascension","pattern":"290 XX XXX","emoji":"🇸🇭"},{"phoneCode":"61","code":"AU","name":"Australia","pattern":"61 XXX XXX XXX","emoji":"🇦🇺"},{"phoneCode":"672","code":"AU","name":"Australian External Territories","pattern":"61 XXX XXX XXX","emoji":"🇦🇺"},{"phoneCode":"43","code":"AT","name":"Austria","pattern":"","emoji":"🇦🇹"},{"phoneCode":"994","code":"AZ","name":"Azerbaijan","pattern":"994 XX XXX XX XX","emoji":"🇦🇿"},{"phoneCode":"1 242","code":"BS","name":"Bahamas","pattern":"1242 XXX XXXX","emoji":"🇧🇸"},{"phoneCode":"973","code":"BH","name":"Bahrain","pattern":"973 XXXX XXXX","emoji":"🇧🇭"},{"phoneCode":"880","code":"BD","name":"Bangladesh","pattern":"","emoji":"🇧🇩"},{"phoneCode":"1 246","code":"BB","name":"Barbados","pattern":"1246 XXX XXXX","emoji":"🇧🇧"},{"phoneCode":"1 268","code":"AG","name":"Barbuda","pattern":"1268 XXX XXXX","emoji":"🇦🇬"},{"phoneCode":"375","code":"BY","name":"Belarus","pattern":"375 XX XXX XXXX","emoji":"🇧🇾"},{"phoneCode":"32","code":"BE","name":"Belgium","pattern":"32 XXX XX XX XX","emoji":"🇧🇪"},{"phoneCode":"501","code":"BZ","name":"Belize","pattern":"","emoji":"🇧🇿"},{"phoneCode":"229","code":"BJ","name":"Benin","pattern":"229 XX XXX XXX","emoji":"🇧🇯"},{"phoneCode":"1 441","code":"BM","name":"Bermuda","pattern":"1441 XXX XXXX","emoji":"🇧🇲"},{"phoneCode":"975","code":"BT","name":"Bhutan","pattern":"","emoji":"🇧🇹"},{"phoneCode":"591","code":"BO","name":"Bolivia","pattern":"591 X XXX XXXX","emoji":"🇧🇴"},{"phoneCode":"599 7","code":"BQ","name":"Caribbean Netherlands","pattern":"","emoji":"🇧🇶"},{"phoneCode":"387","code":"BA","name":"Bosnia & Herzegovina","pattern":"","emoji":"🇧🇦"},{"phoneCode":"267","code":"BW","name":"Botswana","pattern":"267 XX XXX XXX","emoji":"🇧🇼"},{"phoneCode":"55","code":"BR","name":"Brazil","pattern":"55 XX XXXXX XXXX","emoji":"🇧🇷"},{"phoneCode":"246","code":"IO","name":"British Indian Ocean Territory","pattern":"246 XXX XXXX","emoji":"🇮🇴"},{"phoneCode":"1 284","code":"VG","name":"British Virgin Islands","pattern":"1284 XXX XXXX","emoji":"🇻🇬"},{"phoneCode":"673","code":"BN","name":"Brunei","pattern":"673 XXX XXXX","emoji":"🇧🇳"},{"phoneCode":"359","code":"BG","name":"Bulgaria","pattern":"","emoji":"🇧🇬"},{"phoneCode":"226","code":"BF","name":"Burkina Faso","pattern":"226 XX XX XX XX","emoji":"🇧🇫"},{"phoneCode":"95","code":"MM","name":"Myanmar (Burma)","pattern":"","emoji":"🇲🇲"},{"phoneCode":"257","code":"BI","name":"Burundi","pattern":"257 XX XX XXXX","emoji":"🇧🇮"},{"phoneCode":"855","code":"KH","name":"Cambodia","pattern":"","emoji":"🇰🇭"},{"phoneCode":"237","code":"CM","name":"Cameroon","pattern":"237 XXXX XXXX","emoji":"🇨🇲"},{"phoneCode":"1","code":"CA","name":"Canada","pattern":"1 XXX XXX XXXX","emoji":"🇨🇦"},{"phoneCode":"238","code":"CV","name":"Cape Verde","pattern":"238 XXX XXXX","emoji":"🇨🇻"},{"phoneCode":"1 345","code":"KY","name":"Cayman Islands","pattern":"1345 XXX XXXX","emoji":"🇰🇾"},{"phoneCode":"236","code":"CF","name":"Central African Republic","pattern":"236 XX XX XX XX","emoji":"🇨🇫"},{"phoneCode":"235","code":"TD","name":"Chad","pattern":"235 XX XX XX XX","emoji":"🇹🇩"},{"phoneCode":"56","code":"CL","name":"Chile","pattern":"56 X XXXX XXXX","emoji":"🇨🇱"},{"phoneCode":"86","code":"CN","name":"China","pattern":"86 XXX XXXX XXXX","emoji":"🇨🇳"},{"phoneCode":"61","code":"CX","name":"Christmas Island","pattern":"","emoji":"🇨🇽"},{"phoneCode":"61","code":"CC","name":"Cocos (Keeling) Islands","pattern":"","emoji":"🇨🇨"},{"phoneCode":"57","code":"CO","name":"Colombia","pattern":"57 XXX XXX XXXX","emoji":"🇨🇴"},{"phoneCode":"269","code":"KM","name":"Comoros","pattern":"269 XXX XXXX","emoji":"🇰🇲"},{"phoneCode":"242","code":"CG","name":"Congo - Brazzaville","pattern":"242 XX XXX XXXX","emoji":"🇨🇬"},{"phoneCode":"243","code":"CD","name":"Congo - Kinshasa","pattern":"243 XX XXX XXXX","emoji":"🇨🇩"},{"phoneCode":"682","code":"CK","name":"Cook Islands","pattern":"","emoji":"🇨🇰"},{"phoneCode":"506","code":"CR","name":"Costa Rica","pattern":"","emoji":"🇨🇷"},{"phoneCode":"225","code":"CI","name":"Cote d’Ivoire","pattern":"225 XX XXX XXX","emoji":"🇨🇮"},{"phoneCode":"385","code":"HR","name":"Croatia","pattern":"","emoji":"🇭🇷"},{"phoneCode":"53","code":"CU","name":"Cuba","pattern":"53 XXXX XXXX","emoji":"🇨🇺"},{"phoneCode":"599 9","code":"CW","name":"Curacao","pattern":"","emoji":"🇨🇼"},{"phoneCode":"357","code":"CY","name":"Cyprus","pattern":"357 XXXX XXXX","emoji":"🇨🇾"},{"phoneCode":"420","code":"CZ","name":"Czech Republic","pattern":"","emoji":"🇨🇿"},{"phoneCode":"45","code":"DK","name":"Denmark","pattern":"45 XXXX XXXX","emoji":"🇩🇰"},{"phoneCode":"246","code":"DG","name":"Diego Garcia","pattern":"","emoji":"🇩🇬"},{"phoneCode":"253","code":"DJ","name":"Djibouti","pattern":"253 XX XX XX XX","emoji":"🇩🇯"},{"phoneCode":"1 767","code":"DM","name":"Dominica","pattern":"1767 XXX XXXX","emoji":"🇩🇲"},{"phoneCode":"1 809 and 1 829","code":"DO","name":"Dominican Republic","pattern":"1 XXX XXX XXXX","emoji":"🇩🇴"},{"phoneCode":"670","code":"TL","name":"Timor-Leste","pattern":"","emoji":"🇹🇱"},{"phoneCode":"593","code":"EC","name":"Ecuador","pattern":"","emoji":"🇪🇨"},{"phoneCode":"20","code":"EG","name":"Egypt","pattern":"20 XX XXX XXXX","emoji":"🇪🇬"},{"phoneCode":"503","code":"SV","name":"El Salvador","pattern":"503 XXXX XXXX","emoji":"🇸🇻"},{"phoneCode":"240","code":"GQ","name":"Equatorial Guinea","pattern":"240 XXX XXX XXX","emoji":"🇬🇶"},{"phoneCode":"291","code":"ER","name":"Eritrea","pattern":"291 X XXX XXX","emoji":"🇪🇷"},{"phoneCode":"372","code":"EE","name":"Estonia","pattern":"","emoji":"🇪🇪"},{"phoneCode":"251","code":"ET","name":"Ethiopia","pattern":"251 XX XXX XXXX","emoji":"🇪🇹"},{"phoneCode":"500","code":"FK","name":"Falkland Islands","pattern":"","emoji":"🇫🇰"},{"phoneCode":"298","code":"FO","name":"Faroe Islands","pattern":"298 XXX XXX","emoji":"🇫🇴"},{"phoneCode":"679","code":"FJ","name":"Fiji","pattern":"","emoji":"🇫🇯"},{"phoneCode":"358","code":"FI","name":"Finland","pattern":"","emoji":"🇫🇮"},{"phoneCode":"33","code":"FR","name":"France","pattern":"33 X XX XX XX XX","emoji":"🇫🇷"},{"phoneCode":"594","code":"GF","name":"French Guiana","pattern":"","emoji":"🇬🇫"},{"phoneCode":"689","code":"PF","name":"French Polynesia","pattern":"","emoji":"🇵🇫"},{"phoneCode":"241","code":"GA","name":"Gabon","pattern":"241 X XX XX XX","emoji":"🇬🇦"},{"phoneCode":"220","code":"GM","name":"Gambia","pattern":"220 XXX XXXX","emoji":"🇬🇲"},{"phoneCode":"995","code":"GE","name":"Georgia","pattern":"","emoji":"🇬🇪"},{"phoneCode":"49","code":"DE","name":"Germany","pattern":"49 XXX XXXXXXXX","emoji":"🇩🇪"},{"phoneCode":"233","code":"GH","name":"Ghana","pattern":"","emoji":"🇬🇭"},{"phoneCode":"350","code":"GI","name":"Gibraltar","pattern":"350 XXXX XXXX","emoji":"🇬🇮"},{"phoneCode":"30","code":"GR","name":"Greece","pattern":"30 XX XXXX XXXX","emoji":"🇬🇷"},{"phoneCode":"299","code":"GL","name":"Greenland","pattern":"299 XXX XXX","emoji":"🇬🇱"},{"phoneCode":"1 473","code":"GD","name":"Grenada","pattern":"1473 XXX XXXX","emoji":"🇬🇩"},{"phoneCode":"590","code":"GP","name":"Guadeloupe","pattern":"","emoji":"🇬🇵"},{"phoneCode":"1 671","code":"GU","name":"Guam","pattern":"1671 XXX XXXX","emoji":"🇬🇺"},{"phoneCode":"502","code":"GT","name":"Guatemala","pattern":"502 X XXX XXXX","emoji":"🇬🇹"},{"phoneCode":"44","code":"GG","name":"Guernsey","pattern":"","emoji":"🇬🇬"},{"phoneCode":"224","code":"GN","name":"Guinea","pattern":"224 XXX XXX XXX","emoji":"🇬🇳"},{"phoneCode":"245","code":"GW","name":"Guinea-Bissau","pattern":"245 XXX XXXX","emoji":"🇬🇼"},{"phoneCode":"592","code":"GY","name":"Guyana","pattern":"","emoji":"🇬🇾"},{"phoneCode":"509","code":"HT","name":"Haiti","pattern":"","emoji":"🇭🇹"},{"phoneCode":"504","code":"HN","name":"Honduras","pattern":"504 XXXX XXXX","emoji":"🇭🇳"},{"phoneCode":"852","code":"HK","name":"Hong Kong SAR China","pattern":"","emoji":"🇭🇰"},{"phoneCode":"36","code":"HU","name":"Hungary","pattern":"36 XX XXX XXXX","emoji":"🇭🇺"},{"phoneCode":"354","code":"IS","name":"Iceland","pattern":"354 XXX XXXX","emoji":"🇮🇸"},{"phoneCode":"91","code":"IN","name":"India","pattern":"91 XXXXX XXXXX","emoji":"🇮🇳"},{"phoneCode":"62","code":"ID","name":"Indonesia","pattern":"","emoji":"🇮🇩"},{"phoneCode":"98","code":"IR","name":"Iran","pattern":"98 XXX XXX XXXX","emoji":"🇮🇷"},{"phoneCode":"964","code":"IQ","name":"Iraq","pattern":"964 XXX XXX XXXX","emoji":"🇮🇶"},{"phoneCode":"353","code":"IE","name":"Ireland","pattern":"353 XX XXX XXXX","emoji":"🇮🇪"},{"phoneCode":"972","code":"IL","name":"Israel","pattern":"972 XX XXX XXXX","emoji":"🇮🇱"},{"phoneCode":"39","code":"IT","name":"Italy","pattern":"39 XXX XXX XXXX","emoji":"🇮🇹"},{"phoneCode":"1 876","code":"JM","name":"Jamaica","pattern":"1876 XXX XXXX","emoji":"🇯🇲"},{"phoneCode":"47 79","code":"SJ","name":"Svalbard & Jan Mayen","pattern":"","emoji":"🇸🇯"},{"phoneCode":"81","code":"JP","name":"Japan","pattern":"81 XX XXXX XXXX","emoji":"🇯🇵"},{"phoneCode":"44","code":"JE","name":"Jersey","pattern":"","emoji":"🇯🇪"},{"phoneCode":"962","code":"JO","name":"Jordan","pattern":"962 X XXXX XXXX","emoji":"🇯🇴"},{"phoneCode":"7 7","code":"KZ","name":"Kazakhstan","pattern":"7 XXX XXX XX XX","emoji":"🇰🇿"},{"phoneCode":"254","code":"KE","name":"Kenya","pattern":"254 XXX XXX XXX","emoji":"🇰🇪"},{"phoneCode":"686","code":"KI","name":"Kiribati","pattern":"","emoji":"🇰🇮"},{"phoneCode":"850","code":"KP","name":"North Korea","pattern":"","emoji":"🇰🇵"},{"phoneCode":"82","code":"KR","name":"South Korea","pattern":"","emoji":"🇰🇷"},{"phoneCode":"965","code":"KW","name":"Kuwait","pattern":"965 XXXX XXXX","emoji":"🇰🇼"},{"phoneCode":"996","code":"KG","name":"Kyrgyzstan","pattern":"","emoji":"🇰🇬"},{"phoneCode":"856","code":"LA","name":"Laos","pattern":"","emoji":"🇱🇦"},{"phoneCode":"371","code":"LV","name":"Latvia","pattern":"371 XXX XXXXX","emoji":"🇱🇻"},{"phoneCode":"961","code":"LB","name":"Lebanon","pattern":"","emoji":"🇱🇧"},{"phoneCode":"266","code":"LS","name":"Lesotho","pattern":"266 XX XXX XXX","emoji":"🇱🇸"},{"phoneCode":"231","code":"LR","name":"Liberia","pattern":"","emoji":"🇱🇷"},{"phoneCode":"218","code":"LY","name":"Libya","pattern":"218 XX XXX XXXX","emoji":"🇱🇾"},{"phoneCode":"423","code":"LI","name":"Liechtenstein","pattern":"","emoji":"🇱🇮"},{"phoneCode":"370","code":"LT","name":"Lithuania","pattern":"370 XXX XXXXX","emoji":"🇱🇹"},{"phoneCode":"352","code":"LU","name":"Luxembourg","pattern":"","emoji":"🇱🇺"},{"phoneCode":"853","code":"MO","name":"Macau SAR China","pattern":"","emoji":"🇲🇴"},{"phoneCode":"389","code":"MK","name":"Macedonia","pattern":"","emoji":"🇲🇰"},{"phoneCode":"261","code":"MG","name":"Madagascar","pattern":"261 XX XX XXX XX","emoji":"🇲🇬"},{"phoneCode":"265","code":"MW","name":"Malawi","pattern":"","emoji":"🇲🇼"},{"phoneCode":"60","code":"MM","name":"Malaysia","pattern":"","emoji":"🇲🇲"},{"phoneCode":"960","code":"MV","name":"Maldives","pattern":"","emoji":"🇲🇻"},{"phoneCode":"223","code":"ML","name":"Mali","pattern":"223 XXXX XXXX","emoji":"🇲🇱"},{"phoneCode":"356","code":"MT","name":"Malta","pattern":"356 XX XX XX XX","emoji":"🇲🇹"},{"phoneCode":"692","code":"MH","name":"Marshall Islands","pattern":"","emoji":"🇲🇭"},{"phoneCode":"596","code":"MQ","name":"Martinique","pattern":"","emoji":"🇲🇶"},{"phoneCode":"222","code":"MR","name":"Mauritania","pattern":"222 XXXX XXXX","emoji":"🇲🇷"},{"phoneCode":"230","code":"MU","name":"Mauritius","pattern":"","emoji":"🇲🇺"},{"phoneCode":"262","code":"YT","name":"Mayotte","pattern":"","emoji":"🇾🇹"},{"phoneCode":"52","code":"MX","name":"Mexico","pattern":"","emoji":"🇲🇽"},{"phoneCode":"691","code":"FM","name":"Micronesia","pattern":"","emoji":"🇫🇲"},{"phoneCode":"373","code":"MD","name":"Moldova","pattern":"373 XX XXX XXX","emoji":"🇲🇩"},{"phoneCode":"377","code":"MC","name":"Monaco","pattern":"377 XXXX XXXX","emoji":"🇲🇨"},{"phoneCode":"976","code":"MN","name":"Mongolia","pattern":"","emoji":"🇲🇳"},{"phoneCode":"382","code":"ME","name":"Montenegro","pattern":"","emoji":"🇲🇪"},{"phoneCode":"1 664","code":"MS","name":"Montserrat","pattern":"1664 XXX XXXX","emoji":"🇲🇸"},{"phoneCode":"212","code":"MA","name":"Morocco","pattern":"212 XX XXX XXXX","emoji":"🇲🇦"},{"phoneCode":"258","code":"MZ","name":"Mozambique","pattern":"258 XX XXX XXXX","emoji":"🇲🇿"},{"phoneCode":"264","code":"NA","name":"Namibia","pattern":"264 XX XXX XXXX","emoji":"🇳🇦"},{"phoneCode":"674","code":"NR","name":"Nauru","pattern":"","emoji":"🇳🇷"},{"phoneCode":"977","code":"NP","name":"Nepal","pattern":"","emoji":"🇳🇵"},{"phoneCode":"31","code":"NL","name":"Netherlands","pattern":"31 X XX XX XX XX","emoji":"🇳🇱"},{"phoneCode":"687","code":"NC","name":"New Caledonia","pattern":"","emoji":"🇳🇨"},{"phoneCode":"64","code":"NZ","name":"New Zealand","pattern":"","emoji":"🇳🇿"},{"phoneCode":"505","code":"NI","name":"Nicaragua","pattern":"505 XXXX XXXX","emoji":"🇳🇮"},{"phoneCode":"227","code":"NE","name":"Niger","pattern":"227 XX XX XX XX","emoji":"🇳🇪"},{"phoneCode":"234","code":"NG","name":"Nigeria","pattern":"","emoji":"🇳🇬"},{"phoneCode":"683","code":"NU","name":"Niue","pattern":"","emoji":"🇳🇺"},{"phoneCode":"672","code":"NF","name":"Norfolk Island","pattern":"","emoji":"🇳🇫"},{"phoneCode":"1 670","code":"MP","name":"Northern Mariana Islands","pattern":"1670 XXX XXXX","emoji":"🇲🇵"},{"phoneCode":"47","code":"NO","name":"Norway","pattern":"47 XXXX XXXX","emoji":"🇳🇴"},{"phoneCode":"968","code":"OM","name":"Oman","pattern":"968 XXXX XXXX","emoji":"🇴🇲"},{"phoneCode":"92","code":"PK","name":"Pakistan","pattern":"92 XXX XXX XXXX","emoji":"🇵🇰"},{"phoneCode":"680","code":"PW","name":"Palau","pattern":"","emoji":"🇵🇼"},{"phoneCode":"970","code":"PS","name":"Palestinian Territories","pattern":"970 XXX XX XXXX","emoji":"🇵🇸"},{"phoneCode":"507","code":"PA","name":"Panama","pattern":"507 XXXX XXXX","emoji":"🇵🇦"},{"phoneCode":"675","code":"PG","name":"Papua New Guinea","pattern":"","emoji":"🇵🇬"},{"phoneCode":"595","code":"PY","name":"Paraguay","pattern":"595 XXX XXX XXX","emoji":"🇵🇾"},{"phoneCode":"51","code":"PE","name":"Peru","pattern":"51 XXX XXX XXX","emoji":"🇵🇪"},{"phoneCode":"63","code":"PH","name":"Philippines","pattern":"63 XXX XXX XXXX","emoji":"🇵🇭"},{"phoneCode":"64","code":"PN","name":"Pitcairn Islands","pattern":"","emoji":"🇵🇳"},{"phoneCode":"48","code":"PL","name":"Poland","pattern":"48 XXX XXX XXX","emoji":"🇵🇱"},{"phoneCode":"351","code":"PT","name":"Portugal","pattern":"351 X XXXX XXXX","emoji":"🇵🇹"},{"phoneCode":"1 787 and 1 939","code":"PR","name":"Puerto Rico","pattern":"1 XXX XXX XXXX","emoji":"🇵🇷"},{"phoneCode":"974","code":"QA","name":"Qatar","pattern":"","emoji":"🇶🇦"},{"phoneCode":"262","code":"RE","name":"Reunion","pattern":"262 XXX XXX XXX","emoji":"🇷🇪"},{"phoneCode":"40","code":"RO","name":"Romania","pattern":"40 XXX XXX XXX","emoji":"🇷🇴"},{"phoneCode":"7","code":"RU","name":"Russia","pattern":"7 XXX XXX XX XX","emoji":"🇷🇺"},{"phoneCode":"250","code":"RW","name":"Rwanda","pattern":"250 XXX XXX XXX","emoji":"🇷🇼"},{"phoneCode":"590","code":"BL","name":"St. Barthelemy","pattern":"","emoji":"🇧🇱"},{"phoneCode":"290","code":"SH","name":"St. Helena","pattern":"290 XX XXX","emoji":"🇸🇭"},{"phoneCode":"1 869","code":"KN","name":"St. Kitts & Nevis","pattern":"1869 XXX XXXX","emoji":"🇰🇳"},{"phoneCode":"1 758","code":"LC","name":"St. Lucia","pattern":"1758 XXX XXXX","emoji":"🇱🇨"},{"phoneCode":"590","code":"MF","name":"St. Martin (France)","pattern":"","emoji":"🇲🇫"},{"phoneCode":"508","code":"PM","name":"St. Pierre and Miquelon","pattern":"","emoji":"🇵🇲"},{"phoneCode":"1 784","code":"VC","name":"St. Vincent and the Grenadines","pattern":"1784 XXX XXXX","emoji":"🇻🇨"},{"phoneCode":"685","code":"WS","name":"Samoa","pattern":"","emoji":"🇼🇸"},{"phoneCode":"378","code":"SM","name":"San Marino","pattern":"378 XXX XXX XXXX","emoji":"🇸🇲"},{"phoneCode":"239","code":"ST","name":"São Tome & Principe","pattern":"239 XX XXXXX","emoji":"🇸🇹"},{"phoneCode":"966","code":"SA","name":"Saudi Arabia","pattern":"","emoji":"🇸🇦"},{"phoneCode":"221","code":"SN","name":"Senegal","pattern":"221 XX XXX XXXX","emoji":"🇸🇳"},{"phoneCode":"381","code":"RS","name":"Serbia","pattern":"381 XX XXX XXXX","emoji":"🇷🇸"},{"phoneCode":"248","code":"SC","name":"Seychelles","pattern":"248 X XX XX XX","emoji":"🇸🇨"},{"phoneCode":"232","code":"SL","name":"Sierra Leone","pattern":"232 XX XXX XXX","emoji":"🇸🇱"},{"phoneCode":"65","code":"SG","name":"Singapore","pattern":"65 XXXX XXXX","emoji":"🇸🇬"},{"phoneCode":"599 3","code":"BQ","name":"Sint Eustatius","pattern":"","emoji":"🇧🇶"},{"phoneCode":"1 721","code":"SX","name":"Sint Maarten","pattern":"1721 XXX XXXX","emoji":"🇸🇽"},{"phoneCode":"421","code":"SK","name":"Slovakia","pattern":"","emoji":"🇸🇰"},{"phoneCode":"386","code":"SI","name":"Slovenia","pattern":"","emoji":"🇸🇮"},{"phoneCode":"677","code":"SB","name":"Solomon Islands","pattern":"","emoji":"🇸🇧"},{"phoneCode":"252","code":"SO","name":"Somalia","pattern":"252 XX XXX XXX","emoji":"🇸🇴"},{"phoneCode":"27","code":"ZA","name":"South Africa","pattern":"27 XX XXX XXXX","emoji":"🇿🇦"},{"phoneCode":"500","code":"GS","name":"South Georgia & South Sandwich Islands","pattern":"","emoji":"🇬🇸"},{"phoneCode":"995 34","code":"","name":"South Ossetia","pattern":"","emoji":""},{"phoneCode":"211","code":"SS","name":"South Sudan","pattern":"211 XX XXX XXXX","emoji":"🇸🇸"},{"phoneCode":"34","code":"ES","name":"Spain","pattern":"34 XXX XXX XXX","emoji":"🇪🇸"},{"phoneCode":"94","code":"LK","name":"Sri Lanka","pattern":"94 XX XXX XXXX","emoji":"🇱🇰"},{"phoneCode":"249","code":"SD","name":"Sudan","pattern":"249 XX XXX XXXX","emoji":"🇸🇩"},{"phoneCode":"597","code":"SR","name":"Suriname","pattern":"597 XXX XXXX","emoji":"🇸🇷"},{"phoneCode":"47 79","code":"SJ","name":"Svalbard","pattern":"","emoji":"🇸🇯"},{"phoneCode":"268","code":"SZ","name":"Swaziland","pattern":"268 XXXX XXXX","emoji":"🇸🇿"},{"phoneCode":"46","code":"SE","name":"Sweden","pattern":"46 XX XXX XXXX","emoji":"🇸🇪"},{"phoneCode":"41","code":"CH","name":"Switzerland","pattern":"41 XX XXX XXXX","emoji":"🇨🇭"},{"phoneCode":"963","code":"SY","name":"Syria","pattern":"","emoji":"🇸🇾"},{"phoneCode":"886","code":"TW","name":"Taiwan","pattern":"","emoji":"🇹🇼"},{"phoneCode":"992","code":"TJ","name":"Tajikistan","pattern":"","emoji":"🇹🇯"},{"phoneCode":"255","code":"TZ","name":"Tanzania","pattern":"255 XX XXX XXXX","emoji":"🇹🇿"},{"phoneCode":"66","code":"TH","name":"Thailand","pattern":"66 X XXXX XXXX","emoji":"🇹🇭"},{"phoneCode":"228","code":"TG","name":"Togo","pattern":"228 XX XXX XXX","emoji":"🇹🇬"},{"phoneCode":"690","code":"TK","name":"Tokelau","pattern":"","emoji":"🇹🇰"},{"phoneCode":"676","code":"TO","name":"Tonga","pattern":"","emoji":"🇹🇴"},{"phoneCode":"1 868","code":"TT","name":"Trinidad & Tobago","pattern":"1868 XXX XXXX","emoji":"🇹🇹"},{"phoneCode":"216","code":"TN","name":"Tunisia","pattern":"216 XX XXX XXX","emoji":"🇹🇳"},{"phoneCode":"90","code":"TR","name":"Turkey","pattern":"90 XXX XXX XXXX","emoji":"🇹🇷"},{"phoneCode":"993","code":"TM","name":"Turkmenistan","pattern":"993 XX XXXXXX","emoji":"🇹🇲"},{"phoneCode":"1 649","code":"TC","name":"Turks & Caicos Islands","pattern":"1649 XXX XXXX","emoji":"🇹🇨"},{"phoneCode":"688","code":"TV","name":"Tuvalu","pattern":"","emoji":"🇹🇻"},{"phoneCode":"256","code":"UG","name":"Uganda","pattern":"256 XX XXX XXXX","emoji":"🇺🇬"},{"phoneCode":"380","code":"UA","name":"Ukraine","pattern":"380 XX XXX XX XX","emoji":"🇺🇦"},{"phoneCode":"971","code":"AE","name":"United Arab Emirates","pattern":"971 XX XXX XXXX","emoji":"🇦🇪"},{"phoneCode":"44","code":"GB","name":"United Kingdom","pattern":"44 XXXX XXXXXX","emoji":"🇬🇧"},{"phoneCode":"1","code":"US","name":"United States","pattern":"1 XXX XXX XXXX","emoji":"🇺🇸"},{"phoneCode":"598","code":"UY","name":"Uruguay","pattern":"598 XXXX XXXX","emoji":"🇺🇾"},{"phoneCode":"1 340","code":"VI","name":"U.S. Virgin Islands","pattern":"1340 XXX XXXX","emoji":"🇻🇮"},{"phoneCode":"998","code":"UZ","name":"Uzbekistan","pattern":"998 XX XXXXXXX","emoji":"🇺🇿"},{"phoneCode":"678","code":"VU","name":"Vanuatu","pattern":"","emoji":"🇻🇺"},{"phoneCode":"58","code":"VE","name":"Venezuela","pattern":"58 XXX XXX XXXX","emoji":"🇻🇪"},{"phoneCode":"39 06 698","code":"VA","name":"Vatican City","pattern":"","emoji":"🇻🇦"},{"phoneCode":"84","code":"VN","name":"Vietnam","pattern":"","emoji":"🇻🇳"},{"phoneCode":"681","code":"WF","name":"Wallis & Futuna","pattern":"","emoji":"🇼🇫"},{"phoneCode":"967","code":"YE","name":"Yemen","pattern":"967 XXX XXX XXX","emoji":"🇾🇪"},{"phoneCode":"260","code":"ZM","name":"Zambia","pattern":"260 XX XXX XXXX","emoji":"🇿🇲"},{"phoneCode":"255","code":"","name":"Zanzibar","pattern":"","emoji":""},{"phoneCode":"263","code":"ZW","name":"Zimbabwe","pattern":"263 XX XXX XXXX","emoji":"🇿🇼"}]