<?xml version="1.0" encoding="utf-8"?>
<browserconfig>
    <msapplication>
        <tile>
            <square70x70logo src="/assets/img/mstile-70x70.png?v=jw3mK7G9Ry"/>
            <square150x150logo src="/assets/img/mstile-150x150.png?v=jw3mK7G9Ry"/>
            <square310x310logo src="/assets/img/mstile-310x310.png?v=jw3mK7G9Ry"/>
            <wide310x150logo src="/assets/img/mstile-310x150.png?v=jw3mK7G9Ry"/>
            <TileColor>#2d89ef</TileColor>
        </tile>
    </msapplication>
</browserconfig>
